{
  "World": {
    "precision": 0.9374665954035275,
    "recall": 0.9231578947368421,
    "f1-score": 0.930257226199947,
    "support": 1900.0
  },
  "Sports": {
    "precision": 0.973971889640812,
    "recall": 0.9847368421052631,
    "f1-score": 0.9793247840879351,
    "support": 1900.0
  },
  "Business": {
    "precision": 0.9071428571428571,
    "recall": 0.8689473684210526,
    "f1-score": 0.8876344086021506,
    "support": 1900.0
  },
  "Sci/Tech": {
    "precision": 0.8757545271629779,
    "recall": 0.9163157894736842,
    "f1-score": 0.8955761316872428,
    "support": 1900.0
  },
  "accuracy": 0.9232894736842105,
  "macro avg": {
    "precision": 0.9235839673375437,
    "recall": 0.9232894736842105,
    "f1-score": 0.9231981376443188,
    "support": 7600.0
  },
  "weighted avg": {
    "precision": 0.9235839673375436,
    "recall": 0.9232894736842105,
    "f1-score": 0.9231981376443189,
    "support": 7600.0
  }
}