{
  "World": {
    "precision": 0.9363938053097345,
    "recall": 0.8910526315789473,
    "f1-score": 0.9131607335490831,
    "support": 1900.0
  },
  "Sports": {
    "precision": 0.9643226473629782,
    "recall": 0.9815789473684211,
    "f1-score": 0.9728742827334377,
    "support": 1900.0
  },
  "Business": {
    "precision": 0.8959149412423055,
    "recall": 0.8426315789473684,
    "f1-score": 0.8684567398969352,
    "support": 1900.0
  },
  "Sci/Tech": {
    "precision": 0.8517624336069531,
    "recall": 0.9284210526315789,
    "f1-score": 0.8884411986905062,
    "support": 1900.0
  },
  "accuracy": 0.910921052631579,
  "macro avg": {
    "precision": 0.9120984568804928,
    "recall": 0.9109210526315789,
    "f1-score": 0.9107332387174905,
    "support": 7600.0
  },
  "weighted avg": {
    "precision": 0.9120984568804928,
    "recall": 0.910921052631579,
    "f1-score": 0.9107332387174905,
    "support": 7600.0
  }
}