{
  "World": {
    "precision": 0.8325150027277687,
    "recall": 0.8031578947368421,
    "f1-score": 0.8175729975890704,
    "support": 1900.0
  },
  "Sports": {
    "precision": 0.8827059465357338,
    "recall": 0.8515789473684211,
    "f1-score": 0.8668631127779266,
    "support": 1900.0
  },
  "Business": {
    "precision": 0.7899356348741955,
    "recall": 0.7105263157894737,
    "f1-score": 0.7481296758104738,
    "support": 1900.0
  },
  "Sci/Tech": {
    "precision": 0.7074157303370786,
    "recall": 0.828421052631579,
    "f1-score": 0.7631515151515151,
    "support": 1900.0
  },
  "accuracy": 0.7984210526315789,
  "macro avg": {
    "precision": 0.803143078618694,
    "recall": 0.7984210526315789,
    "f1-score": 0.7989293253322465,
    "support": 7600.0
  },
  "weighted avg": {
    "precision": 0.8031430786186943,
    "recall": 0.7984210526315789,
    "f1-score": 0.7989293253322465,
    "support": 7600.0
  }
}